{
  "seed": 42,
  "verdict": "no weighted blend beats supervised alone on top-1%",
  "supervised_only": {
    "model": "fusion w_anom=0.00",
    "pr_auc": 0.008095616349084376,
    "roc_auc": 0.8823400607497596,
    "prec_at_1pct": 0.007258923814597762,
    "recall_at_1pct": 0.3293051359516616,
    "prec_at_5pct": 0.0024106655301466377,
    "recall_at_5pct": 0.5468277945619335,
    "prec_at_10pct": 0.001431748864589854,
    "recall_at_10pct": 0.649546827794562,
    "w_anom": 0.0
  },
  "best_fusion": {
    "model": "fusion w_anom=0.00",
    "pr_auc": 0.008095616349084376,
    "roc_auc": 0.8823400607497596,
    "prec_at_1pct": 0.007258923814597762,
    "recall_at_1pct": 0.3293051359516616,
    "prec_at_5pct": 0.0024106655301466377,
    "recall_at_5pct": 0.5468277945619335,
    "prec_at_10pct": 0.001431748864589854,
    "recall_at_10pct": 0.649546827794562,
    "w_anom": 0.0
  },
  "sweep": [
    {
      "model": "fusion w_anom=0.00",
      "pr_auc": 0.008095616349084376,
      "roc_auc": 0.8823400607497596,
      "prec_at_1pct": 0.007258923814597762,
      "recall_at_1pct": 0.3293051359516616,
      "prec_at_5pct": 0.0024106655301466377,
      "recall_at_5pct": 0.5468277945619335,
      "prec_at_10pct": 0.001431748864589854,
      "recall_at_10pct": 0.649546827794562,
      "w_anom": 0.0
    },
    {
      "model": "fusion w_anom=0.05",
      "pr_auc": 0.0077024553151522545,
      "roc_auc": 0.8824956936362891,
      "prec_at_1pct": 0.006459776238678743,
      "recall_at_1pct": 0.2930513595166163,
      "prec_at_5pct": 0.002277479589254558,
      "recall_at_5pct": 0.5166163141993958,
      "prec_at_10pct": 0.001451726755723666,
      "recall_at_10pct": 0.6586102719033232,
      "w_anom": 0.05
    },
    {
      "model": "fusion w_anom=0.10",
      "pr_auc": 0.006580278046717015,
      "roc_auc": 0.8819240201497607,
      "prec_at_1pct": 0.006193393713372403,
      "recall_at_1pct": 0.2809667673716012,
      "prec_at_5pct": 0.0022375238069869343,
      "recall_at_5pct": 0.5075528700906344,
      "prec_at_10pct": 0.0014583860527682699,
      "recall_at_10pct": 0.6616314199395771,
      "w_anom": 0.1
    },
    {
      "model": "fusion w_anom=0.15",
      "pr_auc": 0.005782316571007185,
      "roc_auc": 0.8807758355889039,
      "prec_at_1pct": 0.005927011188066063,
      "recall_at_1pct": 0.2688821752265861,
      "prec_at_5pct": 0.002184249430630103,
      "recall_at_5pct": 0.4954682779456193,
      "prec_at_10pct": 0.001431748864589854,
      "recall_at_10pct": 0.649546827794562,
      "w_anom": 0.15
    },
    {
      "model": "fusion w_anom=0.20",
      "pr_auc": 0.005217376599419178,
      "roc_auc": 0.8790106191189739,
      "prec_at_1pct": 0.0057938199254128925,
      "recall_at_1pct": 0.2628398791540785,
      "prec_at_5pct": 0.002064382083827231,
      "recall_at_5pct": 0.46827794561933533,
      "prec_at_10pct": 0.00139179308232223,
      "recall_at_10pct": 0.6314199395770392,
      "w_anom": 0.2
    },
    {
      "model": "fusion w_anom=0.25",
      "pr_auc": 0.0048002770758460885,
      "roc_auc": 0.8765260026330846,
      "prec_at_1pct": 0.005460841768779968,
      "recall_at_1pct": 0.24773413897280966,
      "prec_at_5pct": 0.0019977891133811914,
      "recall_at_5pct": 0.45317220543806647,
      "prec_at_10pct": 0.0013318594089207943,
      "recall_at_10pct": 0.6042296072507553,
      "w_anom": 0.25
    },
    {
      "model": "fusion w_anom=0.30",
      "pr_auc": 0.004463295712584419,
      "roc_auc": 0.8731716476263618,
      "prec_at_1pct": 0.005394246137453383,
      "recall_at_1pct": 0.24471299093655588,
      "prec_at_5pct": 0.0019311961429351518,
      "recall_at_5pct": 0.4380664652567976,
      "prec_at_10pct": 0.0012919036266531704,
      "recall_at_10pct": 0.5861027190332326,
      "w_anom": 0.3
    },
    {
      "model": "fusion w_anom=0.35",
      "pr_auc": 0.0041846564974723265,
      "roc_auc": 0.8688424834626285,
      "prec_at_1pct": 0.005261054874800213,
      "recall_at_1pct": 0.23867069486404835,
      "prec_at_5pct": 0.0019178775488459439,
      "recall_at_5pct": 0.4350453172205438,
      "prec_at_10pct": 0.0012586071414301507,
      "recall_at_10pct": 0.5709969788519638,
      "w_anom": 0.35
    },
    {
      "model": "fusion w_anom=0.40",
      "pr_auc": 0.00394383836270183,
      "roc_auc": 0.8634300859948644,
      "prec_at_1pct": 0.004928076718167289,
      "recall_at_1pct": 0.22356495468277945,
      "prec_at_5pct": 0.001891240360667528,
      "recall_at_5pct": 0.42900302114803623,
      "prec_at_10pct": 0.0012519478443855467,
      "recall_at_10pct": 0.56797583081571,
      "w_anom": 0.4
    },
    {
      "model": "fusion w_anom=0.45",
      "pr_auc": 0.0037033107922779217,
      "roc_auc": 0.8568490166611736,
      "prec_at_1pct": 0.005061267980820458,
      "recall_at_1pct": 0.229607250755287,
      "prec_at_5pct": 0.0018246473902214881,
      "recall_at_5pct": 0.41389728096676737,
      "prec_at_10pct": 0.0012186513591625268,
      "recall_at_10pct": 0.552870090634441,
      "w_anom": 0.45
    },
    {
      "model": "fusion w_anom=0.50",
      "pr_auc": 0.003490692180829095,
      "roc_auc": 0.8490317031739034,
      "prec_at_1pct": 0.004994672349493873,
      "recall_at_1pct": 0.22658610271903323,
      "prec_at_5pct": 0.0017713730138646565,
      "recall_at_5pct": 0.40181268882175225,
      "prec_at_10pct": 0.0012119920621179228,
      "recall_at_10pct": 0.5498489425981873,
      "w_anom": 0.5
    }
  ],
  "iso_forest": {
    "model": "Isolation Forest (unsupervised)",
    "pr_auc": 0.0008954002605971595,
    "roc_auc": 0.7314322619434664,
    "prec_at_1pct": 0.002397442727757059,
    "recall_at_1pct": 0.10876132930513595,
    "prec_at_5pct": 0.001132080497582675,
    "recall_at_5pct": 0.256797583081571,
    "prec_at_10pct": 0.0008257528335308924,
    "recall_at_10pct": 0.37462235649546827
  }
}